{"annealing": [0.0069901805034157305, 0.006030596725891643, 0.0049230519963426094, 0.004225587747862318, 0.003648547959590512, 0.003410437214292923, 0.002700217540504425, 0.002799572026851853, 0.0023007978570744147, 0.002452328663163662, 0.0021924445358102213, 0.002225644212604235, 0.001997128678760668, 0.0023148755277109397], "random": [0.009196279579673942, 0.007772549899600161, 0.006858200643651222, 0.006105438763488656, 0.005548327887618133, 0.005701195007221754, 0.005168027900556973, 0.005425997146876167, 0.004931402981816103, 0.005338042225696502, 0.005224504584575828, 0.005263147535991558, 0.005334459165626613, 0.00622399613945905], "quadruplets": [0.008967618303913977, 0.008130240854425678, 0.007762694333372322, 0.007454222743131336, 0.00710334703199715, 0.007269176838754459, 0.007168291276378938, 0.0072461336528715885, 0.007286872711406787, 0.007496387355437118, 0.00707477324454893, 0.006974188361609587, 0.007130946818996101, 0.007965432086280927], "quintuplets": [0.008873776450786474, 0.0075668989499769355, 0.006737493115226122, 0.006091115085988371, 0.005645010114838588, 0.005721103265298261, 0.0051728976586034765, 0.005463681264019635, 0.005324424296031562, 0.005665544288220693, 0.004882531444859574, 0.0051636851157445774, 0.005303477212936375, 0.005967624792109535]}