{"annealing": [0.02571, 0.02435, 0.02304, 0.02216, 0.02053, 0.01938, 0.01762, 0.01643, 0.01515, 0.01358, 0.01011, 0.00852, 0.00805, 0.00703, 0.00708, 0.00673, 0.00606, 0.00613, 0.00571], "random": [0.03268, 0.03114, 0.0294, 0.02878, 0.02773, 0.02668, 0.02538, 0.02502, 0.02426, 0.0232, 0.0205, 0.01988, 0.01907, 0.01811, 0.01709, 0.01654, 0.01542, 0.01461, 0.01436], "quadruplets": [0.02629, 0.023, 0.02052, 0.01948, 0.01723, 0.01738, 0.01611, 0.01475, 0.01386, 0.01331, 0.01132, 0.00992, 0.00897, 0.00774, 0.00744, 0.00706, 0.00643, 0.00623, 0.0057], "quintuplets": [0.02796, 0.02559, 0.02192, 0.02022, 0.01781, 0.01717, 0.01445, 0.01409, 0.01243, 0.01038, 0.00862, 0.00716, 0.00579, 0.00455, 0.00418, 0.00336, 0.00308, 0.00276, 0.00214]}